<?xml version="1.0" encoding="utf-8"?>
<Category categoryName="默认" description="默认" displayOrder="100" isEnabled="true" emotionMaxHeight="30" emotionMaxWidth="30">
  <Emotion code="微笑" description="微笑" fileName="emotion-1.gif" />
  <Emotion code="傻笑" description="傻笑" fileName="emotion-2.gif" />
  <Emotion code="惊讶" description="惊讶" fileName="emotion-3.gif" />
  <Emotion code="吐舌头" description="吐舌头" fileName="emotion-4.gif" />
  <Emotion code="不错" description="不错" fileName="emotion-5.gif" />
  <Emotion code="难过" description="难过" fileName="emotion-6.gif" />
  <Emotion code="别扭" description="别扭" fileName="emotion-7.gif" />
  <Emotion code="木讷" description="木讷" fileName="emotion-8.gif" />
  <Emotion code="不高兴" description="不高兴" fileName="emotion-9.gif" />
  <Emotion code="害羞" description="害羞" fileName="emotion-10.gif" />
  <Emotion code="得意" description="得意" fileName="emotion-11.gif" />
  <Emotion code="生气" description="生气" fileName="emotion-12.gif" />
  <Emotion code="高兴" description="高兴" fileName="emotion-13.gif" />
  <Emotion code="恶魔" description="恶魔" fileName="emotion-14.gif" />
  <Emotion code="眼镜男" description="眼镜男" fileName="emotion-15.gif" />
  <Emotion code="闭嘴" description="闭嘴" fileName="emotion-16.gif" />
  <Emotion code="悄悄话" description="悄悄话" fileName="emotion-17.gif" />
  <Emotion code="尴尬" description="尴尬" fileName="emotion-18.gif" />
  <Emotion code="派对" description="派对" fileName="emotion-19.gif" />
  <Emotion code="无奈" description="无奈" fileName="emotion-20.gif" />
  <Emotion code="很好" description="很好" fileName="emotion-21.gif" />
  <Emotion code="啤酒" description="啤酒" fileName="emotion-22.gif" />
  <Emotion code="路人甲" description="路人甲" fileName="emotion-23.gif" />
  <Emotion code="路人丙" description="路人丙" fileName="emotion-24.gif" />
  <Emotion code="爱心" description="爱心" fileName="emotion-25.gif" />
  <Emotion code="亲亲" description="亲亲" fileName="emotion-26.gif" />
  <Emotion code="鲜花" description="鲜花" fileName="emotion-27.gif" />
  <Emotion code="相机" description="相机" fileName="emotion-28.gif" />  
  <Emotion code="音乐" description="音乐" fileName="emotion-29.gif" />
  <Emotion code="星星" description="星星" fileName="emotion-30.gif" />
  <Emotion code="钟表" description="钟表" fileName="emotion-31.gif" />
  <Emotion code="蜗牛" description="蜗牛" fileName="emotion-32.gif" />
  <Emotion code="披萨" description="披萨" fileName="emotion-33.gif" />
  <Emotion code="小汽车" description="小汽车" fileName="emotion-34.gif" />
  <Emotion code="雨伞" description="雨伞" fileName="emotion-35.gif" />
  <Emotion code="电脑" description="电脑" fileName="emotion-36.gif" />
  <Emotion code="下雨" description="下雨" fileName="emotion-37.gif" />
  <Emotion code="吃饭" description="吃饭" fileName="emotion-38.gif" />
  <Emotion code="怒" description="怒" fileName="emotion-39.gif" />
  <Emotion code="切" description="切" fileName="emotion-40.gif" />
  <Emotion code="呕" description="呕" fileName="emotion-41.gif" />
  <Emotion code="无趣" description="无趣" fileName="emotion-42.gif" />
  <Emotion code="无趣" description="无趣" fileName="emotion-43.gif" />
  <Emotion code="休息" description="休息" fileName="emotion-44.gif" />
  <Emotion code="差劲" description="差劲" fileName="emotion-45.gif" />
  <Emotion code="香槟" description="香槟" fileName="emotion-46.gif" />  
  <Emotion code="路人乙" description="路人乙" fileName="emotion-47.gif" />
  <Emotion code="路人丁" description="路人丁" fileName="emotion-48.gif" />
  <Emotion code="蛋糕" description="蛋糕" fileName="emotion-49.gif" />
  <Emotion code="心碎" description="心碎" fileName="emotion-50.gif" />
  <Emotion code="礼物" description="礼物" fileName="emotion-51.gif" />
  <Emotion code="凋零" description="凋零" fileName="emotion-52.gif" />
  <Emotion code="电影" description="电影" fileName="emotion-53.gif" />
  <Emotion code="狗狗" description="狗狗" fileName="emotion-54.gif" />
  <Emotion code="电灯泡" description="电灯泡" fileName="emotion-55.gif" />
  <Emotion code="月亮" description="月亮" fileName="emotion-56.gif" />
  <Emotion code="邮件" description="邮件" fileName="emotion-57.gif" />
  <Emotion code="飞机" description="飞机" fileName="emotion-58.gif" />
  <Emotion code="度假" description="度假" fileName="emotion-59.gif" />
  <Emotion code="乌云" description="乌云" fileName="emotion-60.gif" />
  <Emotion code="开心" description="开心" fileName="emotion-61.gif" />
  <Emotion code="如花" description="如花" fileName="emotion-62.gif" />
  <Emotion code="花花" description="花花" fileName="emotion-63.gif" />
</Category>

